{
  "accuracy": 0.9081,
  "f1": 0.9080970140719872,
  "report": {
    "0": {
      "precision": 0.912805988266235,
      "recall": 0.9024,
      "f1-score": 0.9075731670521975,
      "support": 5000.0
    },
    "1": {
      "precision": 0.9035000988728495,
      "recall": 0.9138,
      "f1-score": 0.9086208610917769,
      "support": 5000.0
    },
    "accuracy": 0.9081,
    "macro avg": {
      "precision": 0.9081530435695423,
      "recall": 0.9080999999999999,
      "f1-score": 0.9080970140719872,
      "support": 10000.0
    },
    "weighted avg": {
      "precision": 0.9081530435695422,
      "recall": 0.9081,
      "f1-score": 0.9080970140719872,
      "support": 10000.0
    }
  }
}